objectid,parentid,title,creator,date,date-is-approximate?,description,subject,location,latitude,longitude,source,identifier,type,format,language,lyrics,derechos,rights,rightsstatement,display_template,object_location,image_small,image_thumb,image_alt_text,object_transcript
,,título,creador,fecha,,descripción,temas,lugar,,,identificación numérica de la obra,descripción del archivo ditigal de canciones,medio de ejecución,,,letra,derechos de autor,,,,,,,,
,,,"intérpretes, música, letra ",,,,,"dónde se grabó, lugares mencionados",,,,,,,,,,,,,,,,,
demo_001,,Adelante compañeros combatientes,autor desconocido,desconocida,yes,"Grabación realizada en el campamento de refugiados de Mesa Grande (1982-1987), Honduras, durante la Guerra civil en El Salvador. Esta canción está dedicada a la memoria del sacerdote Óscar Arnulfo Romero, que apoyaba a la población rural con el objetivo de protegerla de la violenta represión policial durante la guerra civil. Él, al igual que muchos otros sacerdotes de la región, basaba su labor activista, religiosa y comunitaria en la teología de la liberación. Hay otros títulos similares sobre canciones revolucionarias guerrilleras. Sin embargo, la mayoría de ellas son marchas y no rancheras como esta canción, como por ejemplo “Adelante, compañeros” de Carlos Puebla.",Guerra Civil,"Mesa Grande, Honduras",14.47102,-88.8567,SAMG001,"<p>Este archivo conserva de forma permanente grabaciones recientes e históricas de canciones relacionadas con la Guerra Civil en El Salvador (1980-1992). Se diseñó con la ayuda de integrantes de la comunidad para servir mejor a las necesidades de las personas salvadoreñas. Esta base de datos permite a la comunidad de usuarios encontrar canciones sobre diversos temas y es ideal para fines educativos. El sitio web del archivo también albergará otros materiales relacionados con la música durante la guerra.
<p><i>Memoria Histórica Sobreviviente en El Salvador</i><br>
https://www.elsalvadormemory.org
",canción,audio/mp3,español,"<p>América Central está en marcha,<br>
con sus hijos unidos y a luchar,<br>
a derrotar una cruel tiranía,<br>
que a nuestro pueblo ha venido a masacrar.
 
<p>Arnulfo Romero, hijo valiente,<br>
de nuestra patria querida, El Salvador,<br>
por defender los derechos humanos,<br>
con heroísmo su vida entregó.
 
<p>Humilde [inaudible 1:15],<br>
que a todo el mundo le diste a conocer,<br>
que El Salvador era muy castigado,<br>
con ese yugo tirano y opresor.
 
<p>Tu palabra, una luz en mi camino,<br>
y a los humildes supiste despertar.<br>
Alcen su voz que todos somos hermanos,<br>
nuestros derechos debemos conquistar.
 
<p>Esa mano, traidora y asesina,<br>
que con su crimen, su voz hizo callar,<br>
pero el odio no vence a la injusticia,<br>
y nunca te vamos a olvidar.
 
<p>Tu pueblo no quería la violencia,<br>
pero obligados tuvimos que aceptar,<br>
[inaudible 2:44] la conciencia,<br>
y las palabras no quisieron escuchar.
 
<p>Adelante compañeros combatientes,<br>
la dictadura se empieza a derrumbar,<br>
al no poder detener nuestra lucha,<br>
ni con aviones, ni bombas de matar.
 
<p>Adelante compañeros combatientes,<br>
la dictadura se empieza a derrumbar,<br>
al no poder detener nuestra lucha,<br>
ni con aviones, ni bombas de matar.

<p>América Central está en marcha,<br>
con sus hijos unidos a luchar,<br>
a derrotar una cruel tiranía,<br>
que a nuestro pueblo ha venido a masacrar.",Canción creada colectivamente y en dominio público. Por favor contactar al archivo si esta canción infringe derechos de autor.,Recurso para uso educativo,Canción creada colectivamente y en dominio público. Por favor contactar al archivo si esta canción infringe derechos de autor.,video,https://youtu.be/eanK1OT5cq4,https://img.youtube.com/vi/eanK1OT5cq4/hqdefault.jpg,https://img.youtube.com/vi/eanK1OT5cq4/mqdefault.jpg,grainy image from historic film depicting fans heading to football game,
demo_002,,Cloromiro,autor desconocido,desconocida,yes,"Grabación de campo realizada en el campamento de refugiados de Mesa Grande (1982-1987), Honduras, en los años 80, durante la Guerra civil en El Salvador. Parece ser una contrafacta de la canción original «Clodomiro el Ñajo» (1977), una canción sobre la cultura popular de Nicaragua centrada en el personaje de Clodomiro y sus actividades cotidianas. Esta canción fue compuesta por Carlos Mejía, compositor del movimiento de la nueva canción en Nicaragua, que colaboró activamente con la Revolución Sandinista. Sin embargo, la contrafacta del archivo «Cloromiro» también se centra en el personaje de Cloromiro, pero en sus actividades relacionadas con la guerrilla.",Guerra Civil,"Mesa Grande, Honduras",14.47102,-88.8567,SAMG002,"<p>Este archivo conserva de forma permanente grabaciones recientes e históricas de canciones relacionadas con la Guerra Civil en El Salvador (1980-1992). Se diseñó con la ayuda de integrantes de la comunidad para servir mejor a las necesidades de las personas salvadoreñas. Esta base de datos permite a la comunidad de usuarios encontrar canciones sobre diversos temas y es ideal para fines educativos. El sitio web del archivo también albergará otros materiales relacionados con la música durante la guerra.
<p><i>Memoria Histórica Sobreviviente en El Salvador</i><br>
https://www.elsalvadormemory.org
",canción,audio/mp3,español,"<p><i>Hola, Cloromiro,<br>
¿para dónde vas tan serio?<br>
este es otro Cloromiro,<br>
se parece al Cloromiro de la tonadita.</i>

<p>Cloromiro, Cloromiro,<br>
¿para dónde vas tan serio?<br>
de Cancasque a Potonico,<br>
solo llego y me las pelo.

<p>Cloromiro, Cloromiro,<br>
¿para dónde vas tan serio?<br>
que le cuenten los rebeldes,<br>
de comando guerrillero.

<p>En asuntos de peleas,<br>
cómo te hace la guerilla,<br>
solo me quitan las armas,<br>
el que pierde es Ronald Reagan. 

<p>En la quiebra de los puentes,<br>
qué es lo que hace la guerilla,<br>
me golpea y me destruye,<br>
todita la economía.

<p>Cloromiro se ha confiado,<br>
en las armas y el avión,<br>
se le olvida que va en contra,<br>
de toda la población.

<p>Si se cruza por Chalate,<br>
San Vicente y Morazán,<br>
es una sola respuesta,<br>
La Unión Usulután.

<p>Donde quiera que se cruce,<br>
eso mismo le dirán.

<p><i>Nombre, Cloromiro,<br>
¡qué divertido es usted!<br>
Todo mundo lo está viendo hombre,<br>
y usted se confía en las armas y en los aviones,<br>
y también en las elecciones.

<p>Escríbalo, para que no se le olvide,<br>
el pueblo ya no cree en elecciones,<br>
ya tiene un poderoso ejército, y es propio.<br>
Cuenta también con el GDR.

<p>Escríbalo, que no se le olvide,<br>
el pueblo ganó sin armas,<br>
y como amamos la libertad,<br>
la armas nos acompañan,

<p>Olvídese de las elecciones,<br>
de las armas<br>
y los aviones.</i>

<p>Cloromiro, Cloromiro,<br>
¿para dónde vas tan serio?<br>
de Cascanque a Potonico,<br>
solo llego y me las pelo.

<p>Cloromiro, Cloromiro,<br>
¿para dónde vas tan serio?<br>
te recuentan los rebeldes,<br>
de comandos guerrilleros.

<p>En asuntos de peleas,<br>
cómo te hace la guerilla,<br>
solo me quitan las armas,<br>
el que pierde es Ronald Reagan.

<p>En la quiebra de los puentes,<br>
qué es lo que hace la guerilla,<br>
me golpea y me destruye,<br>
todita la economía.

<p><i>¡Ay! Cloromiro.</i>",Canción creada colectivamente y en dominio público. Por favor contactar al archivo si esta canción infringe derechos de autor.,Uso educativo,Canción creada colectivamente y en dominio público. Por favor contactar al archivo si esta canción infringe derechos de autor.,video,https://youtu.be/wvpt9qp_8KM,https://img.youtube.com/vi/wvpt9qp_8KM/hqdefault.jpg,https://img.youtube.com/vi/wvpt9qp_8KM/mqdefault.jpg,grainy image from historic film depicting fans heading to football game,
demo_003,,Compañero Chepe v1,autor desconocido,desconocida,yes,"Grabación de campo realizada en el campamento de refugiados de Mesa Grande (1982-1987), Honduras, en los años 80, durante la Guerra civil en El Salvador. 
La letra de la canción trata sobre un guerrillero llamado Chepe. La letra explica sus diferentes actividades dentro de la guerrilla con el objetivo de ayudar al pueblo y a las comunidades rurales con sus luchas.",Guerra Civil,"Mesa Grande, Honduras",14.47102,-88.8567,SAMG003,"<p>Este archivo conserva de forma permanente grabaciones recientes e históricas de canciones relacionadas con la Guerra Civil en El Salvador (1980-1992). Se diseñó con la ayuda de integrantes de la comunidad para servir mejor a las necesidades de las personas salvadoreñas. Esta base de datos permite a la comunidad de usuarios encontrar canciones sobre diversos temas y es ideal para fines educativos. El sitio web del archivo también albergará otros materiales relacionados con la música durante la guerra.
<p><i>Memoria Histórica Sobreviviente en El Salvador</i><br>
https://www.elsalvadormemory.org
",canción,audio/mp3,español,"<p>Compañero Chepe tú fuiste consciente,<br>
dejaste a tu gente apto con las armas.<br>
Cuando comandabas columnas al frente,<br>
a la delantera tu grito se siente.<br>
Cuando comandabas columnas al frente,<br>
a la delantera tu grito se siente.

<p>¡Ay! Compañero Chepe,<br>
el pueblo te vio partir,<br>
por uno que cae luchando,<br>
más fuerza de combatir.<br>
Por uno que cae luchando,<br>
más fuerza de combatir.

<p>Cuando te cruzabas haciendo tareas,<br>
en las poblaciones y en zonas rurales,<br>
preparando gente para las batallas,<br>
a la delantera tu grito no falla.<br>
Preparando gente para las batallas,<br>
a la delantera tu grito no falla.<br>

<p>¡Ay! Compañero Chepe,<br>
el pueblo te vio partir,<br>
por uno que cae luchando,<br>
más fuerza de combatir,<br>
por uno que cae luchando,<br>
más fuerza de combatir.

<p><i>Compañero Chepe.</i>
",Canción creada colectivamente y en dominio público. Por favor contactar al archivo si esta canción infringe derechos de autor.,Uso educativo,Canción creada colectivamente y en dominio público. Por favor contactar al archivo si esta canción infringe derechos de autor.,video,https://youtu.be/cFH-FaUCIWk,https://img.youtube.com/vi/cFH-FaUCIWk/hqdefault.jpg,https://img.youtube.com/vi/cFH-FaUCIWk/mqdefault.jpg,grainy image from historic film depicting fans heading to football game,
demo_004,,Compañero Chepe v2,autor desconocido,desconocida,yes,"Grabación de campo realizada en el campamento de refugiados de Mesa Grande (1982-1987), Honduras, en los años 80, durante la Guerra civil en El Salvador. 
Esta es otra versión de la canción «Compañero Chepe», con pequeñas diferencias en cómo se describen las actividades revolucionarias realizadas por el compañero Chepe.
La letra de la canción trata sobre un guerrillero llamado Chepe. La letra explica sus diferentes actividades dentro de la guerrilla con el objetivo de ayudar al pueblo y a las comunidades rurales con sus luchas.",Guerra Civil,"Mesa Grande, Honduras",14.47102,-88.8567,SAMG004,"<p>Este archivo conserva de forma permanente grabaciones recientes e históricas de canciones relacionadas con la Guerra Civil en El Salvador (1980-1992). Se diseñó con la ayuda de integrantes de la comunidad para servir mejor a las necesidades de las personas salvadoreñas. Esta base de datos permite a la comunidad de usuarios encontrar canciones sobre diversos temas y es ideal para fines educativos. El sitio web del archivo también albergará otros materiales relacionados con la música durante la guerra.
<p><i>Memoria Histórica Sobreviviente en El Salvador</i><br>
https://www.elsalvadormemory.org
",canción,audio/mp3,español,"<p>Compañero Chepe tú fuistes consciente,<br>
dejaste a tu gente apto con las armas.<br>
Cuando comandabas columnas al frente,<br>
a la delantera tu grito se siente.

<p>Cuando te cruzabas haciendo tareas,<br>
en las poblaciones y en zonas rurales,<br>
preparando gente para las batallas,<br>
a la delantera tu grito no falla.

<p>Ay Compañero Chepe…<br>
<i>Un minuto de silencio, por favor</i>

<p>Ay Compañero Chepe,<br>
el pueblo te vio partir,<br>
por uno que cae luchando,<br>
más fuerza de combatir,<br>
por uno que cae luchando,<br>
más fuerza de combatir.",Canción creada colectivamente y en dominio público. Por favor contactar al archivo si esta canción infringe derechos de autor.,Uso educativo,Canción creada colectivamente y en dominio público. Por favor contactar al archivo si esta canción infringe derechos de autor.,video,https://youtu.be/kHbmSNhK_Ro,https://img.youtube.com/vi/kHbmSNhK_Ro/hqdefault.jpg,https://img.youtube.com/vi/kHbmSNhK_Ro/mqdefault.jpg,grainy image from historic film depicting fans heading to football game,
demo_005,,Coordinador de 10 carpas,autor desconocido,desconocida,yes,"Grabación de campo realizada en el campamento de refugiados de Mesa Grande (1982-1987), Honduras, en los años 80, durante la Guerra civil en El Salvador. 
La letra de la canción describe las necesidades que experimentan las personas refugiadas. Estas necesidades materiales de las personas se dirigen al coordinador, que es la figura protagonista de la letra de la canción.",Guerra Civil,"Mesa Grande, Honduras",14.47102,-88.8567,SAMG005,"<p>Este archivo conserva de forma permanente grabaciones recientes e históricas de canciones relacionadas con la Guerra Civil en El Salvador (1980-1992). Se diseñó con la ayuda de integrantes de la comunidad para servir mejor a las necesidades de las personas salvadoreñas. Esta base de datos permite a la comunidad de usuarios encontrar canciones sobre diversos temas y es ideal para fines educativos. El sitio web del archivo también albergará otros materiales relacionados con la música durante la guerra.
<p><i>Memoria Histórica Sobreviviente en El Salvador</i><br>
https://www.elsalvadormemory.org
",canción,audio/mp3,español,"<p><i>Allí va el coordinador,<br>
pídanle zapatos.</i>

<p>Ahora que ya tenemos en las 10 carpas,<br>
a una coordinador,<br>
ahora todos los problemas,<br>
y lo que pase será mejor.

<p>Yo no sé qué es lo que pasa,<br>
con el señora coordinador,<br>
que no viene a las 10 carpas,<br>
a ver qué pasa, a ver si hay dolor.

<p><i>Ahí viene la coordinador pidámosle:<br>
yo necesito vestido,<br>
yo necesito zapatillos,<br>
yo necesito una hamaca,<br>
ay, ¿qué tal cómo están…?<br>
Ah sí necesitamos algo de usted,<br>
bueno ya vamos a ver.</i>

<p>Oiga, señor Ángel, ¿qué voy hacer?<br>
Yo no sé qué quiere usted.<br>
Me piden zapatos, ¿qué voy a hacer?<br>
Llévalos para el taller.<br>
Me piden vestidos, ¿qué voy a hacer?<br>
Llévalos para el taller.<br>
Me piden hamacas, ¿qué voy a hacer?<br>
Llévalas para el taller.<br>
Me piden tambito, ¿qué voy a hacer?<br>
Llévalos para el taller.<br>
<i>Bueno coordinador.</i>

<p>Ahora que ya tenemos en las 10 carpas,<br>
a una coordinador,<br>
ahora todos los problemas,<br>
y lo que pase será mejor.

<p>Yo no sé qué es lo que pasa,<br>
con el señora coordinador,<br>
que no viene a las 10 carpas,<br>
a ver qué pasa, a ver si hay dolor.<br>

<p>Oiga, señor Ángel, ¿qué voy hacer?<br>
Yo no sé qué quiere usted.<br>
Me piden zapatos, ¿qué voy a hacer?<br>
Llévalos para el taller.<br>
Me piden vestidos, ¿qué voy a hacer?<br>
Llévalos para el taller.<br>
Me piden hamacas, ¿qué voy a hacer?<br>
Llévalas para el taller.<br>
Me piden tambito, ¿qué voy hacer?<br>
Llévalos para el taller.<br>
Llévalos para el taller.

<p>El coordinador se fue.",Canción creada colectivamente y en dominio público. Por favor contactar al archivo si esta canción infringe derechos de autor.,Uso educativo,Canción creada colectivamente y en dominio público. Por favor contactar al archivo si esta canción infringe derechos de autor.,video,https://youtu.be/tiEdJ0UCsOI,https://img.youtube.com/vi/tiEdJ0UCsOI/hqdefault.jpg,https://img.youtube.com/vi/tiEdJ0UCsOI/mqdefault.jpg,grainy image from historic film depicting fans heading to football game,
demo_006,,Creo en vos,,,,,,"Mesa Grande, Honduras",,,,"<p>Este archivo conserva de forma permanente grabaciones recientes e históricas de canciones relacionadas con la Guerra Civil en El Salvador (1980-1992). Se diseñó con la ayuda de integrantes de la comunidad para servir mejor a las necesidades de las personas salvadoreñas. Esta base de datos permite a la comunidad de usuarios encontrar canciones sobre diversos temas y es ideal para fines educativos. El sitio web del archivo también albergará otros materiales relacionados con la música durante la guerra.
<p><i>Memoria Histórica Sobreviviente en El Salvador</i><br>
https://www.elsalvadormemory.org
",,audio/mp3,español,,Canción creada colectivamente y en dominio público. Por favor contactar al archivo si esta canción infringe derechos de autor.,,,,,,,,
demo_007,,De colores,,,,,,"Mesa Grande, Honduras",,,,"<p>Este archivo conserva de forma permanente grabaciones recientes e históricas de canciones relacionadas con la Guerra Civil en El Salvador (1980-1992). Se diseñó con la ayuda de integrantes de la comunidad para servir mejor a las necesidades de las personas salvadoreñas. Esta base de datos permite a la comunidad de usuarios encontrar canciones sobre diversos temas y es ideal para fines educativos. El sitio web del archivo también albergará otros materiales relacionados con la música durante la guerra.
<p><i>Memoria Histórica Sobreviviente en El Salvador</i><br>
https://www.elsalvadormemory.org
",,audio/mp3,español,,Canción creada colectivamente y en dominio público. Por favor contactar al archivo si esta canción infringe derechos de autor.,,,,,,,,
demo_008,,El 17 de marzo,,,,,,"Mesa Grande, Honduras",,,,"<p>Este archivo conserva de forma permanente grabaciones recientes e históricas de canciones relacionadas con la Guerra Civil en El Salvador (1980-1992). Se diseñó con la ayuda de integrantes de la comunidad para servir mejor a las necesidades de las personas salvadoreñas. Esta base de datos permite a la comunidad de usuarios encontrar canciones sobre diversos temas y es ideal para fines educativos. El sitio web del archivo también albergará otros materiales relacionados con la música durante la guerra.
<p><i>Memoria Histórica Sobreviviente en El Salvador</i><br>
https://www.elsalvadormemory.org
",,audio/mp3,español,,Canción creada colectivamente y en dominio público. Por favor contactar al archivo si esta canción infringe derechos de autor.,,,,,,,,
demo_009,,El análisis,,,,,,"Mesa Grande, Honduras",,,,"<p>Este archivo conserva de forma permanente grabaciones recientes e históricas de canciones relacionadas con la Guerra Civil en El Salvador (1980-1992). Se diseñó con la ayuda de integrantes de la comunidad para servir mejor a las necesidades de las personas salvadoreñas. Esta base de datos permite a la comunidad de usuarios encontrar canciones sobre diversos temas y es ideal para fines educativos. El sitio web del archivo también albergará otros materiales relacionados con la música durante la guerra.
<p><i>Memoria Histórica Sobreviviente en El Salvador</i><br>
https://www.elsalvadormemory.org
",,audio/mp3,español,,Canción creada colectivamente y en dominio público. Por favor contactar al archivo si esta canción infringe derechos de autor.,,,,,,,,
demo_010,,El civilizado v1,,,,,,"Mesa Grande, Honduras",,,,"<p>Este archivo conserva de forma permanente grabaciones recientes e históricas de canciones relacionadas con la Guerra Civil en El Salvador (1980-1992). Se diseñó con la ayuda de integrantes de la comunidad para servir mejor a las necesidades de las personas salvadoreñas. Esta base de datos permite a la comunidad de usuarios encontrar canciones sobre diversos temas y es ideal para fines educativos. El sitio web del archivo también albergará otros materiales relacionados con la música durante la guerra.
<p><i>Memoria Histórica Sobreviviente en El Salvador</i><br>
https://www.elsalvadormemory.org
",,audio/mp3,español,,Canción creada colectivamente y en dominio público. Por favor contactar al archivo si esta canción infringe derechos de autor.,,,,,,,,
demo_011,,El civilizado v2,,,,,,"Mesa Grande, Honduras",,,,"<p>Este archivo conserva de forma permanente grabaciones recientes e históricas de canciones relacionadas con la Guerra Civil en El Salvador (1980-1992). Se diseñó con la ayuda de integrantes de la comunidad para servir mejor a las necesidades de las personas salvadoreñas. Esta base de datos permite a la comunidad de usuarios encontrar canciones sobre diversos temas y es ideal para fines educativos. El sitio web del archivo también albergará otros materiales relacionados con la música durante la guerra.
<p><i>Memoria Histórica Sobreviviente en El Salvador</i><br>
https://www.elsalvadormemory.org
",,audio/mp3,español,,Canción creada colectivamente y en dominio público. Por favor contactar al archivo si esta canción infringe derechos de autor.,,,,,,,,
demo_012,,El hospitalizado,,,,,,"Mesa Grande, Honduras",,,,"<p>Este archivo conserva de forma permanente grabaciones recientes e históricas de canciones relacionadas con la Guerra Civil en El Salvador (1980-1992). Se diseñó con la ayuda de integrantes de la comunidad para servir mejor a las necesidades de las personas salvadoreñas. Esta base de datos permite a la comunidad de usuarios encontrar canciones sobre diversos temas y es ideal para fines educativos. El sitio web del archivo también albergará otros materiales relacionados con la música durante la guerra.
<p><i>Memoria Histórica Sobreviviente en El Salvador</i><br>
https://www.elsalvadormemory.org
",,audio/mp3,español,,Canción creada colectivamente y en dominio público. Por favor contactar al archivo si esta canción infringe derechos de autor.,,,,,,,,
demo_013,,El politizado,,,,,,"Mesa Grande, Honduras",,,,"<p>Este archivo conserva de forma permanente grabaciones recientes e históricas de canciones relacionadas con la Guerra Civil en El Salvador (1980-1992). Se diseñó con la ayuda de integrantes de la comunidad para servir mejor a las necesidades de las personas salvadoreñas. Esta base de datos permite a la comunidad de usuarios encontrar canciones sobre diversos temas y es ideal para fines educativos. El sitio web del archivo también albergará otros materiales relacionados con la música durante la guerra.
<p><i>Memoria Histórica Sobreviviente en El Salvador</i><br>
https://www.elsalvadormemory.org
",,audio/mp3,español,,Canción creada colectivamente y en dominio público. Por favor contactar al archivo si esta canción infringe derechos de autor.,,,,,,,,
demo_014,,El taconazo,,,,,,"Mesa Grande, Honduras",,,,"<p>Este archivo conserva de forma permanente grabaciones recientes e históricas de canciones relacionadas con la Guerra Civil en El Salvador (1980-1992). Se diseñó con la ayuda de integrantes de la comunidad para servir mejor a las necesidades de las personas salvadoreñas. Esta base de datos permite a la comunidad de usuarios encontrar canciones sobre diversos temas y es ideal para fines educativos. El sitio web del archivo también albergará otros materiales relacionados con la música durante la guerra.
<p><i>Memoria Histórica Sobreviviente en El Salvador</i><br>
https://www.elsalvadormemory.org
",,audio/mp3,español,,Canción creada colectivamente y en dominio público. Por favor contactar al archivo si esta canción infringe derechos de autor.,,,,,,,,
demo_015,,Ernesto Barrera,,,,,,"Mesa Grande, Honduras",,,,"<p>Este archivo conserva de forma permanente grabaciones recientes e históricas de canciones relacionadas con la Guerra Civil en El Salvador (1980-1992). Se diseñó con la ayuda de integrantes de la comunidad para servir mejor a las necesidades de las personas salvadoreñas. Esta base de datos permite a la comunidad de usuarios encontrar canciones sobre diversos temas y es ideal para fines educativos. El sitio web del archivo también albergará otros materiales relacionados con la música durante la guerra.
<p><i>Memoria Histórica Sobreviviente en El Salvador</i><br>
https://www.elsalvadormemory.org
",,audio/mp3,español,,Canción creada colectivamente y en dominio público. Por favor contactar al archivo si esta canción infringe derechos de autor.,,,,,,,,
demo_016,,Esta tristeza mía,,,,,,"Mesa Grande, Honduras",,,,"<p>Este archivo conserva de forma permanente grabaciones recientes e históricas de canciones relacionadas con la Guerra Civil en El Salvador (1980-1992). Se diseñó con la ayuda de integrantes de la comunidad para servir mejor a las necesidades de las personas salvadoreñas. Esta base de datos permite a la comunidad de usuarios encontrar canciones sobre diversos temas y es ideal para fines educativos. El sitio web del archivo también albergará otros materiales relacionados con la música durante la guerra.
<p><i>Memoria Histórica Sobreviviente en El Salvador</i><br>
https://www.elsalvadormemory.org
",,audio/mp3,español,,Canción creada colectivamente y en dominio público. Por favor contactar al archivo si esta canción infringe derechos de autor.,,,,,,,,
demo_017,,Grupo Savia,,,,,,"Mesa Grande, Honduras",,,,"<p>Este archivo conserva de forma permanente grabaciones recientes e históricas de canciones relacionadas con la Guerra Civil en El Salvador (1980-1992). Se diseñó con la ayuda de integrantes de la comunidad para servir mejor a las necesidades de las personas salvadoreñas. Esta base de datos permite a la comunidad de usuarios encontrar canciones sobre diversos temas y es ideal para fines educativos. El sitio web del archivo también albergará otros materiales relacionados con la música durante la guerra.
<p><i>Memoria Histórica Sobreviviente en El Salvador</i><br>
https://www.elsalvadormemory.org
",,audio/mp3,español,,Canción creada colectivamente y en dominio público. Por favor contactar al archivo si esta canción infringe derechos de autor.,,,,,,,,
demo_018,,Guanaco encampamentado,,,,,,"Mesa Grande, Honduras",,,,"<p>Este archivo conserva de forma permanente grabaciones recientes e históricas de canciones relacionadas con la Guerra Civil en El Salvador (1980-1992). Se diseñó con la ayuda de integrantes de la comunidad para servir mejor a las necesidades de las personas salvadoreñas. Esta base de datos permite a la comunidad de usuarios encontrar canciones sobre diversos temas y es ideal para fines educativos. El sitio web del archivo también albergará otros materiales relacionados con la música durante la guerra.
<p><i>Memoria Histórica Sobreviviente en El Salvador</i><br>
https://www.elsalvadormemory.org
",,audio/mp3,español,,Canción creada colectivamente y en dominio público. Por favor contactar al archivo si esta canción infringe derechos de autor.,,,,,,,,
demo_019,,Humildes campesinos,,,,,,"Mesa Grande, Honduras",,,,"<p>Este archivo conserva de forma permanente grabaciones recientes e históricas de canciones relacionadas con la Guerra Civil en El Salvador (1980-1992). Se diseñó con la ayuda de integrantes de la comunidad para servir mejor a las necesidades de las personas salvadoreñas. Esta base de datos permite a la comunidad de usuarios encontrar canciones sobre diversos temas y es ideal para fines educativos. El sitio web del archivo también albergará otros materiales relacionados con la música durante la guerra.
<p><i>Memoria Histórica Sobreviviente en El Salvador</i><br>
https://www.elsalvadormemory.org
",,audio/mp3,español,,Canción creada colectivamente y en dominio público. Por favor contactar al archivo si esta canción infringe derechos de autor.,,,,,,,,
demo_020,,La cunita de don Jacinto,,,,,,"Mesa Grande, Honduras",,,,"<p>Este archivo conserva de forma permanente grabaciones recientes e históricas de canciones relacionadas con la Guerra Civil en El Salvador (1980-1992). Se diseñó con la ayuda de integrantes de la comunidad para servir mejor a las necesidades de las personas salvadoreñas. Esta base de datos permite a la comunidad de usuarios encontrar canciones sobre diversos temas y es ideal para fines educativos. El sitio web del archivo también albergará otros materiales relacionados con la música durante la guerra.
<p><i>Memoria Histórica Sobreviviente en El Salvador</i><br>
https://www.elsalvadormemory.org
",,audio/mp3,español,,Canción creada colectivamente y en dominio público. Por favor contactar al archivo si esta canción infringe derechos de autor.,,,,,,,,
demo_021,,La guanaquita (Guanaca),,,,,,"Mesa Grande, Honduras",,,,"<p>Este archivo conserva de forma permanente grabaciones recientes e históricas de canciones relacionadas con la Guerra Civil en El Salvador (1980-1992). Se diseñó con la ayuda de integrantes de la comunidad para servir mejor a las necesidades de las personas salvadoreñas. Esta base de datos permite a la comunidad de usuarios encontrar canciones sobre diversos temas y es ideal para fines educativos. El sitio web del archivo también albergará otros materiales relacionados con la música durante la guerra.
<p><i>Memoria Histórica Sobreviviente en El Salvador</i><br>
https://www.elsalvadormemory.org
",,audio/mp3,español,,Canción creada colectivamente y en dominio público. Por favor contactar al archivo si esta canción infringe derechos de autor.,,,,,,,,
demo_022,,La iguana,,,,,,"Mesa Grande, Honduras",,,,"<p>Este archivo conserva de forma permanente grabaciones recientes e históricas de canciones relacionadas con la Guerra Civil en El Salvador (1980-1992). Se diseñó con la ayuda de integrantes de la comunidad para servir mejor a las necesidades de las personas salvadoreñas. Esta base de datos permite a la comunidad de usuarios encontrar canciones sobre diversos temas y es ideal para fines educativos. El sitio web del archivo también albergará otros materiales relacionados con la música durante la guerra.
<p><i>Memoria Histórica Sobreviviente en El Salvador</i><br>
https://www.elsalvadormemory.org
",,audio/mp3,español,,Canción creada colectivamente y en dominio público. Por favor contactar al archivo si esta canción infringe derechos de autor.,,,,,,,,
demo_023,,La imagen de El Salvador v1,,,,,,"Mesa Grande, Honduras",,,,"<p>Este archivo conserva de forma permanente grabaciones recientes e históricas de canciones relacionadas con la Guerra Civil en El Salvador (1980-1992). Se diseñó con la ayuda de integrantes de la comunidad para servir mejor a las necesidades de las personas salvadoreñas. Esta base de datos permite a la comunidad de usuarios encontrar canciones sobre diversos temas y es ideal para fines educativos. El sitio web del archivo también albergará otros materiales relacionados con la música durante la guerra.
<p><i>Memoria Histórica Sobreviviente en El Salvador</i><br>
https://www.elsalvadormemory.org
",,audio/mp3,español,,Canción creada colectivamente y en dominio público. Por favor contactar al archivo si esta canción infringe derechos de autor.,,,,,,,,
demo_024,,La imagen de El Salvador v2,,,,,,"Mesa Grande, Honduras",,,,"<p>Este archivo conserva de forma permanente grabaciones recientes e históricas de canciones relacionadas con la Guerra Civil en El Salvador (1980-1992). Se diseñó con la ayuda de integrantes de la comunidad para servir mejor a las necesidades de las personas salvadoreñas. Esta base de datos permite a la comunidad de usuarios encontrar canciones sobre diversos temas y es ideal para fines educativos. El sitio web del archivo también albergará otros materiales relacionados con la música durante la guerra.
<p><i>Memoria Histórica Sobreviviente en El Salvador</i><br>
https://www.elsalvadormemory.org
",,audio/mp3,español,,Canción creada colectivamente y en dominio público. Por favor contactar al archivo si esta canción infringe derechos de autor.,,,,,,,,
demo_025,,"La madre patria (Ay, madrecita)",,,,,,"Mesa Grande, Honduras",,,,"<p>Este archivo conserva de forma permanente grabaciones recientes e históricas de canciones relacionadas con la Guerra Civil en El Salvador (1980-1992). Se diseñó con la ayuda de integrantes de la comunidad para servir mejor a las necesidades de las personas salvadoreñas. Esta base de datos permite a la comunidad de usuarios encontrar canciones sobre diversos temas y es ideal para fines educativos. El sitio web del archivo también albergará otros materiales relacionados con la música durante la guerra.
<p><i>Memoria Histórica Sobreviviente en El Salvador</i><br>
https://www.elsalvadormemory.org
",,audio/mp3,español,,Canción creada colectivamente y en dominio público. Por favor contactar al archivo si esta canción infringe derechos de autor.,,,,,,,,
demo_026,,La mecha encendida,,,,,,"Mesa Grande, Honduras",,,,"<p>Este archivo conserva de forma permanente grabaciones recientes e históricas de canciones relacionadas con la Guerra Civil en El Salvador (1980-1992). Se diseñó con la ayuda de integrantes de la comunidad para servir mejor a las necesidades de las personas salvadoreñas. Esta base de datos permite a la comunidad de usuarios encontrar canciones sobre diversos temas y es ideal para fines educativos. El sitio web del archivo también albergará otros materiales relacionados con la música durante la guerra.
<p><i>Memoria Histórica Sobreviviente en El Salvador</i><br>
https://www.elsalvadormemory.org
",,audio/mp3,español,,Canción creada colectivamente y en dominio público. Por favor contactar al archivo si esta canción infringe derechos de autor.,,,,,,,,
demo_027,,La mentirita,,,,,,"Mesa Grande, Honduras",,,,"<p>Este archivo conserva de forma permanente grabaciones recientes e históricas de canciones relacionadas con la Guerra Civil en El Salvador (1980-1992). Se diseñó con la ayuda de integrantes de la comunidad para servir mejor a las necesidades de las personas salvadoreñas. Esta base de datos permite a la comunidad de usuarios encontrar canciones sobre diversos temas y es ideal para fines educativos. El sitio web del archivo también albergará otros materiales relacionados con la música durante la guerra.
<p><i>Memoria Histórica Sobreviviente en El Salvador</i><br>
https://www.elsalvadormemory.org
",,audio/mp3,español,,Canción creada colectivamente y en dominio público. Por favor contactar al archivo si esta canción infringe derechos de autor.,,,,,,,,
demo_028,,La novela,,,,,,"Mesa Grande, Honduras",,,,"<p>Este archivo conserva de forma permanente grabaciones recientes e históricas de canciones relacionadas con la Guerra Civil en El Salvador (1980-1992). Se diseñó con la ayuda de integrantes de la comunidad para servir mejor a las necesidades de las personas salvadoreñas. Esta base de datos permite a la comunidad de usuarios encontrar canciones sobre diversos temas y es ideal para fines educativos. El sitio web del archivo también albergará otros materiales relacionados con la música durante la guerra.
<p><i>Memoria Histórica Sobreviviente en El Salvador</i><br>
https://www.elsalvadormemory.org
",,audio/mp3,español,,Canción creada colectivamente y en dominio público. Por favor contactar al archivo si esta canción infringe derechos de autor.,,,,,,,,
demo_029,,La paloma,,,,,,"Mesa Grande, Honduras",,,,"<p>Este archivo conserva de forma permanente grabaciones recientes e históricas de canciones relacionadas con la Guerra Civil en El Salvador (1980-1992). Se diseñó con la ayuda de integrantes de la comunidad para servir mejor a las necesidades de las personas salvadoreñas. Esta base de datos permite a la comunidad de usuarios encontrar canciones sobre diversos temas y es ideal para fines educativos. El sitio web del archivo también albergará otros materiales relacionados con la música durante la guerra.
<p><i>Memoria Histórica Sobreviviente en El Salvador</i><br>
https://www.elsalvadormemory.org
",,audio/mp3,español,,Canción creada colectivamente y en dominio público. Por favor contactar al archivo si esta canción infringe derechos de autor.,,,,,,,,
demo_030,,La paloma (Grupo Savia),,,,,,"Mesa Grande, Honduras",,,,"<p>Este archivo conserva de forma permanente grabaciones recientes e históricas de canciones relacionadas con la Guerra Civil en El Salvador (1980-1992). Se diseñó con la ayuda de integrantes de la comunidad para servir mejor a las necesidades de las personas salvadoreñas. Esta base de datos permite a la comunidad de usuarios encontrar canciones sobre diversos temas y es ideal para fines educativos. El sitio web del archivo también albergará otros materiales relacionados con la música durante la guerra.
<p><i>Memoria Histórica Sobreviviente en El Salvador</i><br>
https://www.elsalvadormemory.org
",,audio/mp3,español,,Canción creada colectivamente y en dominio público. Por favor contactar al archivo si esta canción infringe derechos de autor.,,,,,,,,
demo_031,,Las mañanitas,,,,,,"Mesa Grande, Honduras",,,,"<p>Este archivo conserva de forma permanente grabaciones recientes e históricas de canciones relacionadas con la Guerra Civil en El Salvador (1980-1992). Se diseñó con la ayuda de integrantes de la comunidad para servir mejor a las necesidades de las personas salvadoreñas. Esta base de datos permite a la comunidad de usuarios encontrar canciones sobre diversos temas y es ideal para fines educativos. El sitio web del archivo también albergará otros materiales relacionados con la música durante la guerra.
<p><i>Memoria Histórica Sobreviviente en El Salvador</i><br>
https://www.elsalvadormemory.org
",,audio/mp3,español,,Canción creada colectivamente y en dominio público. Por favor contactar al archivo si esta canción infringe derechos de autor.,,,,,,,,
demo_032,,La vieja (Part 1 Intro),,,,,,"Mesa Grande, Honduras",,,,"<p>Este archivo conserva de forma permanente grabaciones recientes e históricas de canciones relacionadas con la Guerra Civil en El Salvador (1980-1992). Se diseñó con la ayuda de integrantes de la comunidad para servir mejor a las necesidades de las personas salvadoreñas. Esta base de datos permite a la comunidad de usuarios encontrar canciones sobre diversos temas y es ideal para fines educativos. El sitio web del archivo también albergará otros materiales relacionados con la música durante la guerra.
<p><i>Memoria Histórica Sobreviviente en El Salvador</i><br>
https://www.elsalvadormemory.org
",,audio/mp3,español,,Canción creada colectivamente y en dominio público. Por favor contactar al archivo si esta canción infringe derechos de autor.,,,,,,,,
demo_033,,La vieja (Part 2),,,,,,"Mesa Grande, Honduras",,,,"<p>Este archivo conserva de forma permanente grabaciones recientes e históricas de canciones relacionadas con la Guerra Civil en El Salvador (1980-1992). Se diseñó con la ayuda de integrantes de la comunidad para servir mejor a las necesidades de las personas salvadoreñas. Esta base de datos permite a la comunidad de usuarios encontrar canciones sobre diversos temas y es ideal para fines educativos. El sitio web del archivo también albergará otros materiales relacionados con la música durante la guerra.
<p><i>Memoria Histórica Sobreviviente en El Salvador</i><br>
https://www.elsalvadormemory.org
",,audio/mp3,español,,Canción creada colectivamente y en dominio público. Por favor contactar al archivo si esta canción infringe derechos de autor.,,,,,,,,
demo_034,,Lucerito,,,,,,"Mesa Grande, Honduras",,,,"<p>Este archivo conserva de forma permanente grabaciones recientes e históricas de canciones relacionadas con la Guerra Civil en El Salvador (1980-1992). Se diseñó con la ayuda de integrantes de la comunidad para servir mejor a las necesidades de las personas salvadoreñas. Esta base de datos permite a la comunidad de usuarios encontrar canciones sobre diversos temas y es ideal para fines educativos. El sitio web del archivo también albergará otros materiales relacionados con la música durante la guerra.
<p><i>Memoria Histórica Sobreviviente en El Salvador</i><br>
https://www.elsalvadormemory.org
",,audio/mp3,español,,Canción creada colectivamente y en dominio público. Por favor contactar al archivo si esta canción infringe derechos de autor.,,,,,,,,
demo_035,,Lucha compañero + Pajarillos al olvido,,,,,,"Mesa Grande, Honduras",,,,"<p>Este archivo conserva de forma permanente grabaciones recientes e históricas de canciones relacionadas con la Guerra Civil en El Salvador (1980-1992). Se diseñó con la ayuda de integrantes de la comunidad para servir mejor a las necesidades de las personas salvadoreñas. Esta base de datos permite a la comunidad de usuarios encontrar canciones sobre diversos temas y es ideal para fines educativos. El sitio web del archivo también albergará otros materiales relacionados con la música durante la guerra.
<p><i>Memoria Histórica Sobreviviente en El Salvador</i><br>
https://www.elsalvadormemory.org
",,audio/mp3,español,,Canción creada colectivamente y en dominio público. Por favor contactar al archivo si esta canción infringe derechos de autor.,,,,,,,,
demo_036,,Nacho y Andrés (Incomplete),,,,,,"Mesa Grande, Honduras",,,,"<p>Este archivo conserva de forma permanente grabaciones recientes e históricas de canciones relacionadas con la Guerra Civil en El Salvador (1980-1992). Se diseñó con la ayuda de integrantes de la comunidad para servir mejor a las necesidades de las personas salvadoreñas. Esta base de datos permite a la comunidad de usuarios encontrar canciones sobre diversos temas y es ideal para fines educativos. El sitio web del archivo también albergará otros materiales relacionados con la música durante la guerra.
<p><i>Memoria Histórica Sobreviviente en El Salvador</i><br>
https://www.elsalvadormemory.org
",,audio/mp3,español,,Canción creada colectivamente y en dominio público. Por favor contactar al archivo si esta canción infringe derechos de autor.,,,,,,,,
demo_037,,Navidad campesina,,,,,,"Mesa Grande, Honduras",,,,"<p>Este archivo conserva de forma permanente grabaciones recientes e históricas de canciones relacionadas con la Guerra Civil en El Salvador (1980-1992). Se diseñó con la ayuda de integrantes de la comunidad para servir mejor a las necesidades de las personas salvadoreñas. Esta base de datos permite a la comunidad de usuarios encontrar canciones sobre diversos temas y es ideal para fines educativos. El sitio web del archivo también albergará otros materiales relacionados con la música durante la guerra.
<p><i>Memoria Histórica Sobreviviente en El Salvador</i><br>
https://www.elsalvadormemory.org
",,audio/mp3,español,,Canción creada colectivamente y en dominio público. Por favor contactar al archivo si esta canción infringe derechos de autor.,,,,,,,,
demo_038,,"No, no, no a la intervención (Grupo Savia)",,,,,,"Mesa Grande, Honduras",,,,"<p>Este archivo conserva de forma permanente grabaciones recientes e históricas de canciones relacionadas con la Guerra Civil en El Salvador (1980-1992). Se diseñó con la ayuda de integrantes de la comunidad para servir mejor a las necesidades de las personas salvadoreñas. Esta base de datos permite a la comunidad de usuarios encontrar canciones sobre diversos temas y es ideal para fines educativos. El sitio web del archivo también albergará otros materiales relacionados con la música durante la guerra.
<p><i>Memoria Histórica Sobreviviente en El Salvador</i><br>
https://www.elsalvadormemory.org
",,audio/mp3,español,,Canción creada colectivamente y en dominio público. Por favor contactar al archivo si esta canción infringe derechos de autor.,,,,,,,,
demo_039,,"No, no, no a la intervención + Instrumental",,,,,,"Mesa Grande, Honduras",,,,"<p>Este archivo conserva de forma permanente grabaciones recientes e históricas de canciones relacionadas con la Guerra Civil en El Salvador (1980-1992). Se diseñó con la ayuda de integrantes de la comunidad para servir mejor a las necesidades de las personas salvadoreñas. Esta base de datos permite a la comunidad de usuarios encontrar canciones sobre diversos temas y es ideal para fines educativos. El sitio web del archivo también albergará otros materiales relacionados con la música durante la guerra.
<p><i>Memoria Histórica Sobreviviente en El Salvador</i><br>
https://www.elsalvadormemory.org
",,audio/mp3,español,,Canción creada colectivamente y en dominio público. Por favor contactar al archivo si esta canción infringe derechos de autor.,,,,,,,,
demo_040,,"No, no nos moverán",,,,,,"Mesa Grande, Honduras",,,,"<p>Este archivo conserva de forma permanente grabaciones recientes e históricas de canciones relacionadas con la Guerra Civil en El Salvador (1980-1992). Se diseñó con la ayuda de integrantes de la comunidad para servir mejor a las necesidades de las personas salvadoreñas. Esta base de datos permite a la comunidad de usuarios encontrar canciones sobre diversos temas y es ideal para fines educativos. El sitio web del archivo también albergará otros materiales relacionados con la música durante la guerra.
<p><i>Memoria Histórica Sobreviviente en El Salvador</i><br>
https://www.elsalvadormemory.org
",,audio/mp3,español,,Canción creada colectivamente y en dominio público. Por favor contactar al archivo si esta canción infringe derechos de autor.,,,,,,,,
demo_041,,No basta rezar,,,,,,"Mesa Grande, Honduras",,,,"<p>Este archivo conserva de forma permanente grabaciones recientes e históricas de canciones relacionadas con la Guerra Civil en El Salvador (1980-1992). Se diseñó con la ayuda de integrantes de la comunidad para servir mejor a las necesidades de las personas salvadoreñas. Esta base de datos permite a la comunidad de usuarios encontrar canciones sobre diversos temas y es ideal para fines educativos. El sitio web del archivo también albergará otros materiales relacionados con la música durante la guerra.
<p><i>Memoria Histórica Sobreviviente en El Salvador</i><br>
https://www.elsalvadormemory.org
",,audio/mp3,español,,Canción creada colectivamente y en dominio público. Por favor contactar al archivo si esta canción infringe derechos de autor.,,,,,,,,
demo_042,,No matarás,,,,,,"Mesa Grande, Honduras",,,,"<p>Este archivo conserva de forma permanente grabaciones recientes e históricas de canciones relacionadas con la Guerra Civil en El Salvador (1980-1992). Se diseñó con la ayuda de integrantes de la comunidad para servir mejor a las necesidades de las personas salvadoreñas. Esta base de datos permite a la comunidad de usuarios encontrar canciones sobre diversos temas y es ideal para fines educativos. El sitio web del archivo también albergará otros materiales relacionados con la música durante la guerra.
<p><i>Memoria Histórica Sobreviviente en El Salvador</i><br>
https://www.elsalvadormemory.org
",,audio/mp3,español,,Canción creada colectivamente y en dominio público. Por favor contactar al archivo si esta canción infringe derechos de autor.,,,,,,,,
demo_043,,Nuestro pueblo está listo,,,,,,"Mesa Grande, Honduras",,,,"<p>Este archivo conserva de forma permanente grabaciones recientes e históricas de canciones relacionadas con la Guerra Civil en El Salvador (1980-1992). Se diseñó con la ayuda de integrantes de la comunidad para servir mejor a las necesidades de las personas salvadoreñas. Esta base de datos permite a la comunidad de usuarios encontrar canciones sobre diversos temas y es ideal para fines educativos. El sitio web del archivo también albergará otros materiales relacionados con la música durante la guerra.
<p><i>Memoria Histórica Sobreviviente en El Salvador</i><br>
https://www.elsalvadormemory.org
",,audio/mp3,español,,Canción creada colectivamente y en dominio público. Por favor contactar al archivo si esta canción infringe derechos de autor.,,,,,,,,
demo_044,,Oscar Arnulfo Romero,,,,,,"Mesa Grande, Honduras",,,,"<p>Este archivo conserva de forma permanente grabaciones recientes e históricas de canciones relacionadas con la Guerra Civil en El Salvador (1980-1992). Se diseñó con la ayuda de integrantes de la comunidad para servir mejor a las necesidades de las personas salvadoreñas. Esta base de datos permite a la comunidad de usuarios encontrar canciones sobre diversos temas y es ideal para fines educativos. El sitio web del archivo también albergará otros materiales relacionados con la música durante la guerra.
<p><i>Memoria Histórica Sobreviviente en El Salvador</i><br>
https://www.elsalvadormemory.org
",,audio/mp3,español,,Canción creada colectivamente y en dominio público. Por favor contactar al archivo si esta canción infringe derechos de autor.,,,,,,,,
demo_045,,Poema al guerrillero,,,,,,"Mesa Grande, Honduras",,,,"<p>Este archivo conserva de forma permanente grabaciones recientes e históricas de canciones relacionadas con la Guerra Civil en El Salvador (1980-1992). Se diseñó con la ayuda de integrantes de la comunidad para servir mejor a las necesidades de las personas salvadoreñas. Esta base de datos permite a la comunidad de usuarios encontrar canciones sobre diversos temas y es ideal para fines educativos. El sitio web del archivo también albergará otros materiales relacionados con la música durante la guerra.
<p><i>Memoria Histórica Sobreviviente en El Salvador</i><br>
https://www.elsalvadormemory.org
",,audio/mp3,español,,Canción creada colectivamente y en dominio público. Por favor contactar al archivo si esta canción infringe derechos de autor.,,,,,,,,
demo_046,,Segundo comunicado,,,,,,"Mesa Grande, Honduras",,,,"<p>Este archivo conserva de forma permanente grabaciones recientes e históricas de canciones relacionadas con la Guerra Civil en El Salvador (1980-1992). Se diseñó con la ayuda de integrantes de la comunidad para servir mejor a las necesidades de las personas salvadoreñas. Esta base de datos permite a la comunidad de usuarios encontrar canciones sobre diversos temas y es ideal para fines educativos. El sitio web del archivo también albergará otros materiales relacionados con la música durante la guerra.
<p><i>Memoria Histórica Sobreviviente en El Salvador</i><br>
https://www.elsalvadormemory.org
",,audio/mp3,español,,Canción creada colectivamente y en dominio público. Por favor contactar al archivo si esta canción infringe derechos de autor.,,,,,,,,
demo_047,,Sesenta y seis campesinos,,,,,,"Mesa Grande, Honduras",,,,"<p>Este archivo conserva de forma permanente grabaciones recientes e históricas de canciones relacionadas con la Guerra Civil en El Salvador (1980-1992). Se diseñó con la ayuda de integrantes de la comunidad para servir mejor a las necesidades de las personas salvadoreñas. Esta base de datos permite a la comunidad de usuarios encontrar canciones sobre diversos temas y es ideal para fines educativos. El sitio web del archivo también albergará otros materiales relacionados con la música durante la guerra.
<p><i>Memoria Histórica Sobreviviente en El Salvador</i><br>
https://www.elsalvadormemory.org
",,audio/mp3,español,,Canción creada colectivamente y en dominio público. Por favor contactar al archivo si esta canción infringe derechos de autor.,,,,,,,,
demo_048,,Soldado honesto,,,,,,"Mesa Grande, Honduras",,,,"<p>Este archivo conserva de forma permanente grabaciones recientes e históricas de canciones relacionadas con la Guerra Civil en El Salvador (1980-1992). Se diseñó con la ayuda de integrantes de la comunidad para servir mejor a las necesidades de las personas salvadoreñas. Esta base de datos permite a la comunidad de usuarios encontrar canciones sobre diversos temas y es ideal para fines educativos. El sitio web del archivo también albergará otros materiales relacionados con la música durante la guerra.
<p><i>Memoria Histórica Sobreviviente en El Salvador</i><br>
https://www.elsalvadormemory.org
",,audio/mp3,español,,Canción creada colectivamente y en dominio público. Por favor contactar al archivo si esta canción infringe derechos de autor.,,,,,,,,
demo_049,,Somos carboneros salvadoreños,,,,,,"Mesa Grande, Honduras",,,,"<p>Este archivo conserva de forma permanente grabaciones recientes e históricas de canciones relacionadas con la Guerra Civil en El Salvador (1980-1992). Se diseñó con la ayuda de integrantes de la comunidad para servir mejor a las necesidades de las personas salvadoreñas. Esta base de datos permite a la comunidad de usuarios encontrar canciones sobre diversos temas y es ideal para fines educativos. El sitio web del archivo también albergará otros materiales relacionados con la música durante la guerra.
<p><i>Memoria Histórica Sobreviviente en El Salvador</i><br>
https://www.elsalvadormemory.org
",,audio/mp3,español,,Canción creada colectivamente y en dominio público. Por favor contactar al archivo si esta canción infringe derechos de autor.,,,,,,,,
demo_050,,Son de la loma,,,,,,"Mesa Grande, Honduras",,,,"<p>Este archivo conserva de forma permanente grabaciones recientes e históricas de canciones relacionadas con la Guerra Civil en El Salvador (1980-1992). Se diseñó con la ayuda de integrantes de la comunidad para servir mejor a las necesidades de las personas salvadoreñas. Esta base de datos permite a la comunidad de usuarios encontrar canciones sobre diversos temas y es ideal para fines educativos. El sitio web del archivo también albergará otros materiales relacionados con la música durante la guerra.
<p><i>Memoria Histórica Sobreviviente en El Salvador</i><br>
https://www.elsalvadormemory.org
",,audio/mp3,español,,Canción creada colectivamente y en dominio público. Por favor contactar al archivo si esta canción infringe derechos de autor.,,,,,,,,
demo_051,,Soñé,,,,,,"Mesa Grande, Honduras",,,,"<p>Este archivo conserva de forma permanente grabaciones recientes e históricas de canciones relacionadas con la Guerra Civil en El Salvador (1980-1992). Se diseñó con la ayuda de integrantes de la comunidad para servir mejor a las necesidades de las personas salvadoreñas. Esta base de datos permite a la comunidad de usuarios encontrar canciones sobre diversos temas y es ideal para fines educativos. El sitio web del archivo también albergará otros materiales relacionados con la música durante la guerra.
<p><i>Memoria Histórica Sobreviviente en El Salvador</i><br>
https://www.elsalvadormemory.org
",,audio/mp3,español,,Canción creada colectivamente y en dominio público. Por favor contactar al archivo si esta canción infringe derechos de autor.,,,,,,,,
demo_052,,Soy latinoamericano,,,,,,"Mesa Grande, Honduras",,,,"<p>Este archivo conserva de forma permanente grabaciones recientes e históricas de canciones relacionadas con la Guerra Civil en El Salvador (1980-1992). Se diseñó con la ayuda de integrantes de la comunidad para servir mejor a las necesidades de las personas salvadoreñas. Esta base de datos permite a la comunidad de usuarios encontrar canciones sobre diversos temas y es ideal para fines educativos. El sitio web del archivo también albergará otros materiales relacionados con la música durante la guerra.
<p><i>Memoria Histórica Sobreviviente en El Salvador</i><br>
https://www.elsalvadormemory.org
",,audio/mp3,español,,Canción creada colectivamente y en dominio público. Por favor contactar al archivo si esta canción infringe derechos de autor.,,,,,,,,
demo_053,,Tarde gris,,,,,,"Mesa Grande, Honduras",,,,"<p>Este archivo conserva de forma permanente grabaciones recientes e históricas de canciones relacionadas con la Guerra Civil en El Salvador (1980-1992). Se diseñó con la ayuda de integrantes de la comunidad para servir mejor a las necesidades de las personas salvadoreñas. Esta base de datos permite a la comunidad de usuarios encontrar canciones sobre diversos temas y es ideal para fines educativos. El sitio web del archivo también albergará otros materiales relacionados con la música durante la guerra.
<p><i>Memoria Histórica Sobreviviente en El Salvador</i><br>
https://www.elsalvadormemory.org
",,audio/mp3,español,,Canción creada colectivamente y en dominio público. Por favor contactar al archivo si esta canción infringe derechos de autor.,,,,,,,,
demo_054,,Tarde gris + Que bonita es mi patria + Humildes campesinos + El amigo sincero + Pedimos paz,,,,,,"Mesa Grande, Honduras",,,,"<p>Este archivo conserva de forma permanente grabaciones recientes e históricas de canciones relacionadas con la Guerra Civil en El Salvador (1980-1992). Se diseñó con la ayuda de integrantes de la comunidad para servir mejor a las necesidades de las personas salvadoreñas. Esta base de datos permite a la comunidad de usuarios encontrar canciones sobre diversos temas y es ideal para fines educativos. El sitio web del archivo también albergará otros materiales relacionados con la música durante la guerra.
<p><i>Memoria Histórica Sobreviviente en El Salvador</i><br>
https://www.elsalvadormemory.org
",,audio/mp3,español,,Canción creada colectivamente y en dominio público. Por favor contactar al archivo si esta canción infringe derechos de autor.,,,,,,,,
demo_055,,Tema de El Salvador (Cancion Primero de Mayo) v1,,,,,,"Mesa Grande, Honduras",,,,"<p>Este archivo conserva de forma permanente grabaciones recientes e históricas de canciones relacionadas con la Guerra Civil en El Salvador (1980-1992). Se diseñó con la ayuda de integrantes de la comunidad para servir mejor a las necesidades de las personas salvadoreñas. Esta base de datos permite a la comunidad de usuarios encontrar canciones sobre diversos temas y es ideal para fines educativos. El sitio web del archivo también albergará otros materiales relacionados con la música durante la guerra.
<p><i>Memoria Histórica Sobreviviente en El Salvador</i><br>
https://www.elsalvadormemory.org
",,audio/mp3,español,,Canción creada colectivamente y en dominio público. Por favor contactar al archivo si esta canción infringe derechos de autor.,,,,,,,,
demo_056,,Tema de El Salvador (Canción Primero de mayo) v2,,,,,,"Mesa Grande, Honduras",,,,"<p>Este archivo conserva de forma permanente grabaciones recientes e históricas de canciones relacionadas con la Guerra Civil en El Salvador (1980-1992). Se diseñó con la ayuda de integrantes de la comunidad para servir mejor a las necesidades de las personas salvadoreñas. Esta base de datos permite a la comunidad de usuarios encontrar canciones sobre diversos temas y es ideal para fines educativos. El sitio web del archivo también albergará otros materiales relacionados con la música durante la guerra.
<p><i>Memoria Histórica Sobreviviente en El Salvador</i><br>
https://www.elsalvadormemory.org
",,audio/mp3,español,,Canción creada colectivamente y en dominio público. Por favor contactar al archivo si esta canción infringe derechos de autor.,,,,,,,,
demo_057,,(Instrumental),,,,,,"Mesa Grande, Honduras",,,,"<p>Este archivo conserva de forma permanente grabaciones recientes e históricas de canciones relacionadas con la Guerra Civil en El Salvador (1980-1992). Se diseñó con la ayuda de integrantes de la comunidad para servir mejor a las necesidades de las personas salvadoreñas. Esta base de datos permite a la comunidad de usuarios encontrar canciones sobre diversos temas y es ideal para fines educativos. El sitio web del archivo también albergará otros materiales relacionados con la música durante la guerra.
<p><i>Memoria Histórica Sobreviviente en El Salvador</i><br>
https://www.elsalvadormemory.org
",,audio/mp3,español,,Canción creada colectivamente y en dominio público. Por favor contactar al archivo si esta canción infringe derechos de autor.,,,,,,,,
demo_058,,(Instrumental) (1),,,,,,"Mesa Grande, Honduras",,,,"<p>Este archivo conserva de forma permanente grabaciones recientes e históricas de canciones relacionadas con la Guerra Civil en El Salvador (1980-1992). Se diseñó con la ayuda de integrantes de la comunidad para servir mejor a las necesidades de las personas salvadoreñas. Esta base de datos permite a la comunidad de usuarios encontrar canciones sobre diversos temas y es ideal para fines educativos. El sitio web del archivo también albergará otros materiales relacionados con la música durante la guerra.
<p><i>Memoria Histórica Sobreviviente en El Salvador</i><br>
https://www.elsalvadormemory.org
",,audio/mp3,español,,Canción creada colectivamente y en dominio público. Por favor contactar al archivo si esta canción infringe derechos de autor.,,,,,,,,
demo_059,,(Instrumental) (2),,,,,,"Mesa Grande, Honduras",,,,"<p>Este archivo conserva de forma permanente grabaciones recientes e históricas de canciones relacionadas con la Guerra Civil en El Salvador (1980-1992). Se diseñó con la ayuda de integrantes de la comunidad para servir mejor a las necesidades de las personas salvadoreñas. Esta base de datos permite a la comunidad de usuarios encontrar canciones sobre diversos temas y es ideal para fines educativos. El sitio web del archivo también albergará otros materiales relacionados con la música durante la guerra.
<p><i>Memoria Histórica Sobreviviente en El Salvador</i><br>
https://www.elsalvadormemory.org
",,audio/mp3,español,,Canción creada colectivamente y en dominio público. Por favor contactar al archivo si esta canción infringe derechos de autor.,,,,,,,,
demo_060,,(Instrumental) (3),,,,,,"Mesa Grande, Honduras",,,,"<p>Este archivo conserva de forma permanente grabaciones recientes e históricas de canciones relacionadas con la Guerra Civil en El Salvador (1980-1992). Se diseñó con la ayuda de integrantes de la comunidad para servir mejor a las necesidades de las personas salvadoreñas. Esta base de datos permite a la comunidad de usuarios encontrar canciones sobre diversos temas y es ideal para fines educativos. El sitio web del archivo también albergará otros materiales relacionados con la música durante la guerra.
<p><i>Memoria Histórica Sobreviviente en El Salvador</i><br>
https://www.elsalvadormemory.org
",,audio/mp3,español,,Canción creada colectivamente y en dominio público. Por favor contactar al archivo si esta canción infringe derechos de autor.,,,,,,,,
demo_061,,(Instrumental) (4),,,,,,"Mesa Grande, Honduras",,,,"<p>Este archivo conserva de forma permanente grabaciones recientes e históricas de canciones relacionadas con la Guerra Civil en El Salvador (1980-1992). Se diseñó con la ayuda de integrantes de la comunidad para servir mejor a las necesidades de las personas salvadoreñas. Esta base de datos permite a la comunidad de usuarios encontrar canciones sobre diversos temas y es ideal para fines educativos. El sitio web del archivo también albergará otros materiales relacionados con la música durante la guerra.
<p><i>Memoria Histórica Sobreviviente en El Salvador</i><br>
https://www.elsalvadormemory.org
",,audio/mp3,español,,Canción creada colectivamente y en dominio público. Por favor contactar al archivo si esta canción infringe derechos de autor.,,,,,,,,
demo_062,,(Instrumental) (5),,,,,,"Mesa Grande, Honduras",,,,"<p>Este archivo conserva de forma permanente grabaciones recientes e históricas de canciones relacionadas con la Guerra Civil en El Salvador (1980-1992). Se diseñó con la ayuda de integrantes de la comunidad para servir mejor a las necesidades de las personas salvadoreñas. Esta base de datos permite a la comunidad de usuarios encontrar canciones sobre diversos temas y es ideal para fines educativos. El sitio web del archivo también albergará otros materiales relacionados con la música durante la guerra.
<p><i>Memoria Histórica Sobreviviente en El Salvador</i><br>
https://www.elsalvadormemory.org
",,audio/mp3,español,,Canción creada colectivamente y en dominio público. Por favor contactar al archivo si esta canción infringe derechos de autor.,,,,,,,,
demo_063,,(Instrumental) (6),,,,,,"Mesa Grande, Honduras",,,,"<p>Este archivo conserva de forma permanente grabaciones recientes e históricas de canciones relacionadas con la Guerra Civil en El Salvador (1980-1992). Se diseñó con la ayuda de integrantes de la comunidad para servir mejor a las necesidades de las personas salvadoreñas. Esta base de datos permite a la comunidad de usuarios encontrar canciones sobre diversos temas y es ideal para fines educativos. El sitio web del archivo también albergará otros materiales relacionados con la música durante la guerra.
<p><i>Memoria Histórica Sobreviviente en El Salvador</i><br>
https://www.elsalvadormemory.org
",,audio/mp3,español,,Canción creada colectivamente y en dominio público. Por favor contactar al archivo si esta canción infringe derechos de autor.,,,,,,,,
demo_064,,(Instrumental) (7) (Same Instrumental 7a),,,,,,"Mesa Grande, Honduras",,,,"<p>Este archivo conserva de forma permanente grabaciones recientes e históricas de canciones relacionadas con la Guerra Civil en El Salvador (1980-1992). Se diseñó con la ayuda de integrantes de la comunidad para servir mejor a las necesidades de las personas salvadoreñas. Esta base de datos permite a la comunidad de usuarios encontrar canciones sobre diversos temas y es ideal para fines educativos. El sitio web del archivo también albergará otros materiales relacionados con la música durante la guerra.
<p><i>Memoria Histórica Sobreviviente en El Salvador</i><br>
https://www.elsalvadormemory.org
",,audio/mp3,español,,Canción creada colectivamente y en dominio público. Por favor contactar al archivo si esta canción infringe derechos de autor.,,,,,,,,
demo_065,,(Instrumental) (7a) (Same Instrumental 7),,,,,,"Mesa Grande, Honduras",,,,"<p>Este archivo conserva de forma permanente grabaciones recientes e históricas de canciones relacionadas con la Guerra Civil en El Salvador (1980-1992). Se diseñó con la ayuda de integrantes de la comunidad para servir mejor a las necesidades de las personas salvadoreñas. Esta base de datos permite a la comunidad de usuarios encontrar canciones sobre diversos temas y es ideal para fines educativos. El sitio web del archivo también albergará otros materiales relacionados con la música durante la guerra.
<p><i>Memoria Histórica Sobreviviente en El Salvador</i><br>
https://www.elsalvadormemory.org
",,audio/mp3,español,,Canción creada colectivamente y en dominio público. Por favor contactar al archivo si esta canción infringe derechos de autor.,,,,,,,,
demo_066,,(Unintelligible),,,,,,"Mesa Grande, Honduras",,,,"<p>Este archivo conserva de forma permanente grabaciones recientes e históricas de canciones relacionadas con la Guerra Civil en El Salvador (1980-1992). Se diseñó con la ayuda de integrantes de la comunidad para servir mejor a las necesidades de las personas salvadoreñas. Esta base de datos permite a la comunidad de usuarios encontrar canciones sobre diversos temas y es ideal para fines educativos. El sitio web del archivo también albergará otros materiales relacionados con la música durante la guerra.
<p><i>Memoria Histórica Sobreviviente en El Salvador</i><br>
https://www.elsalvadormemory.org
",,audio/mp3,español,,Canción creada colectivamente y en dominio público. Por favor contactar al archivo si esta canción infringe derechos de autor.,,,,,,,,
demo_067,,(Unintelligible) (1),,,,,,"Mesa Grande, Honduras",,,,"<p>Este archivo conserva de forma permanente grabaciones recientes e históricas de canciones relacionadas con la Guerra Civil en El Salvador (1980-1992). Se diseñó con la ayuda de integrantes de la comunidad para servir mejor a las necesidades de las personas salvadoreñas. Esta base de datos permite a la comunidad de usuarios encontrar canciones sobre diversos temas y es ideal para fines educativos. El sitio web del archivo también albergará otros materiales relacionados con la música durante la guerra.
<p><i>Memoria Histórica Sobreviviente en El Salvador</i><br>
https://www.elsalvadormemory.org
",,audio/mp3,español,,Canción creada colectivamente y en dominio público. Por favor contactar al archivo si esta canción infringe derechos de autor.,,,,,,,,
demo_068,,(Unintelligible) (2) (Part 1),,,,,,"Mesa Grande, Honduras",,,,"<p>Este archivo conserva de forma permanente grabaciones recientes e históricas de canciones relacionadas con la Guerra Civil en El Salvador (1980-1992). Se diseñó con la ayuda de integrantes de la comunidad para servir mejor a las necesidades de las personas salvadoreñas. Esta base de datos permite a la comunidad de usuarios encontrar canciones sobre diversos temas y es ideal para fines educativos. El sitio web del archivo también albergará otros materiales relacionados con la música durante la guerra.
<p><i>Memoria Histórica Sobreviviente en El Salvador</i><br>
https://www.elsalvadormemory.org
",,audio/mp3,español,,Canción creada colectivamente y en dominio público. Por favor contactar al archivo si esta canción infringe derechos de autor.,,,,,,,,
demo_069,,(Unintelligible) (2) (Part 2),,,,,,"Mesa Grande, Honduras",,,,"<p>Este archivo conserva de forma permanente grabaciones recientes e históricas de canciones relacionadas con la Guerra Civil en El Salvador (1980-1992). Se diseñó con la ayuda de integrantes de la comunidad para servir mejor a las necesidades de las personas salvadoreñas. Esta base de datos permite a la comunidad de usuarios encontrar canciones sobre diversos temas y es ideal para fines educativos. El sitio web del archivo también albergará otros materiales relacionados con la música durante la guerra.
<p><i>Memoria Histórica Sobreviviente en El Salvador</i><br>
https://www.elsalvadormemory.org
",,audio/mp3,español,,Canción creada colectivamente y en dominio público. Por favor contactar al archivo si esta canción infringe derechos de autor.,,,,,,,,
demo_070,,(Unintelligible) (Love Song),,,,,,"Mesa Grande, Honduras",,,,"<p>Este archivo conserva de forma permanente grabaciones recientes e históricas de canciones relacionadas con la Guerra Civil en El Salvador (1980-1992). Se diseñó con la ayuda de integrantes de la comunidad para servir mejor a las necesidades de las personas salvadoreñas. Esta base de datos permite a la comunidad de usuarios encontrar canciones sobre diversos temas y es ideal para fines educativos. El sitio web del archivo también albergará otros materiales relacionados con la música durante la guerra.
<p><i>Memoria Histórica Sobreviviente en El Salvador</i><br>
https://www.elsalvadormemory.org
",,audio/mp3,español,,Canción creada colectivamente y en dominio público. Por favor contactar al archivo si esta canción infringe derechos de autor.,,,,,,,,
demo_071,,(Unintelligible) (Love Song) (1),,,,,,"Mesa Grande, Honduras",,,,"<p>Este archivo conserva de forma permanente grabaciones recientes e históricas de canciones relacionadas con la Guerra Civil en El Salvador (1980-1992). Se diseñó con la ayuda de integrantes de la comunidad para servir mejor a las necesidades de las personas salvadoreñas. Esta base de datos permite a la comunidad de usuarios encontrar canciones sobre diversos temas y es ideal para fines educativos. El sitio web del archivo también albergará otros materiales relacionados con la música durante la guerra.
<p><i>Memoria Histórica Sobreviviente en El Salvador</i><br>
https://www.elsalvadormemory.org
",,audio/mp3,español,,Canción creada colectivamente y en dominio público. Por favor contactar al archivo si esta canción infringe derechos de autor.,,,,,,,,
demo_072,,(Unintelligible) (Love Song) (2),,,,,,"Mesa Grande, Honduras",,,,"<p>Este archivo conserva de forma permanente grabaciones recientes e históricas de canciones relacionadas con la Guerra Civil en El Salvador (1980-1992). Se diseñó con la ayuda de integrantes de la comunidad para servir mejor a las necesidades de las personas salvadoreñas. Esta base de datos permite a la comunidad de usuarios encontrar canciones sobre diversos temas y es ideal para fines educativos. El sitio web del archivo también albergará otros materiales relacionados con la música durante la guerra.
<p><i>Memoria Histórica Sobreviviente en El Salvador</i><br>
https://www.elsalvadormemory.org
",,audio/mp3,español,,Canción creada colectivamente y en dominio público. Por favor contactar al archivo si esta canción infringe derechos de autor.,,,,,,,,
demo_073,,(Unintelligible) (Love Song) (3),,,,,,"Mesa Grande, Honduras",,,,"<p>Este archivo conserva de forma permanente grabaciones recientes e históricas de canciones relacionadas con la Guerra Civil en El Salvador (1980-1992). Se diseñó con la ayuda de integrantes de la comunidad para servir mejor a las necesidades de las personas salvadoreñas. Esta base de datos permite a la comunidad de usuarios encontrar canciones sobre diversos temas y es ideal para fines educativos. El sitio web del archivo también albergará otros materiales relacionados con la música durante la guerra.
<p><i>Memoria Histórica Sobreviviente en El Salvador</i><br>
https://www.elsalvadormemory.org
",,audio/mp3,español,,Canción creada colectivamente y en dominio público. Por favor contactar al archivo si esta canción infringe derechos de autor.,,,,,,,,
demo_074,,(Unintelligible) (Love Song) (4),,,,,,"Mesa Grande, Honduras",,,,"<p>Este archivo conserva de forma permanente grabaciones recientes e históricas de canciones relacionadas con la Guerra Civil en El Salvador (1980-1992). Se diseñó con la ayuda de integrantes de la comunidad para servir mejor a las necesidades de las personas salvadoreñas. Esta base de datos permite a la comunidad de usuarios encontrar canciones sobre diversos temas y es ideal para fines educativos. El sitio web del archivo también albergará otros materiales relacionados con la música durante la guerra.
<p><i>Memoria Histórica Sobreviviente en El Salvador</i><br>
https://www.elsalvadormemory.org
",,audio/mp3,español,,Canción creada colectivamente y en dominio público. Por favor contactar al archivo si esta canción infringe derechos de autor.,,,,,,,,
demo_075,,Una chancha muy coqueta,,,,,,"Mesa Grande, Honduras",,,,"<p>Este archivo conserva de forma permanente grabaciones recientes e históricas de canciones relacionadas con la Guerra Civil en El Salvador (1980-1992). Se diseñó con la ayuda de integrantes de la comunidad para servir mejor a las necesidades de las personas salvadoreñas. Esta base de datos permite a la comunidad de usuarios encontrar canciones sobre diversos temas y es ideal para fines educativos. El sitio web del archivo también albergará otros materiales relacionados con la música durante la guerra.
<p><i>Memoria Histórica Sobreviviente en El Salvador</i><br>
https://www.elsalvadormemory.org
",,audio/mp3,español,,Canción creada colectivamente y en dominio público. Por favor contactar al archivo si esta canción infringe derechos de autor.,,,,,,,,
demo_076,,Vamos a la milpa,,,,,,"Mesa Grande, Honduras",,,,"<p>Este archivo conserva de forma permanente grabaciones recientes e históricas de canciones relacionadas con la Guerra Civil en El Salvador (1980-1992). Se diseñó con la ayuda de integrantes de la comunidad para servir mejor a las necesidades de las personas salvadoreñas. Esta base de datos permite a la comunidad de usuarios encontrar canciones sobre diversos temas y es ideal para fines educativos. El sitio web del archivo también albergará otros materiales relacionados con la música durante la guerra.
<p><i>Memoria Histórica Sobreviviente en El Salvador</i><br>
https://www.elsalvadormemory.org
",,audio/mp3,español,,Canción creada colectivamente y en dominio público. Por favor contactar al archivo si esta canción infringe derechos de autor.,,,,,,,,
demo_077,,Violines farabundos,,,,,,"Mesa Grande, Honduras",,,,"<p>Este archivo conserva de forma permanente grabaciones recientes e históricas de canciones relacionadas con la Guerra Civil en El Salvador (1980-1992). Se diseñó con la ayuda de integrantes de la comunidad para servir mejor a las necesidades de las personas salvadoreñas. Esta base de datos permite a la comunidad de usuarios encontrar canciones sobre diversos temas y es ideal para fines educativos. El sitio web del archivo también albergará otros materiales relacionados con la música durante la guerra.
<p><i>Memoria Histórica Sobreviviente en El Salvador</i><br>
https://www.elsalvadormemory.org
",,audio/mp3,español,,Canción creada colectivamente y en dominio público. Por favor contactar al archivo si esta canción infringe derechos de autor.,,,,,,,,
demo_078,,Vuele mi canto + Cuando me siento muy lejos + No queremos estar encerrados + Viva Santa Ana + La mariposa _Instrumental_,,,,,,"Mesa Grande, Honduras",,,,"<p>Este archivo conserva de forma permanente grabaciones recientes e históricas de canciones relacionadas con la Guerra Civil en El Salvador (1980-1992). Se diseñó con la ayuda de integrantes de la comunidad para servir mejor a las necesidades de las personas salvadoreñas. Esta base de datos permite a la comunidad de usuarios encontrar canciones sobre diversos temas y es ideal para fines educativos. El sitio web del archivo también albergará otros materiales relacionados con la música durante la guerra.
<p><i>Memoria Histórica Sobreviviente en El Salvador</i><br>
https://www.elsalvadormemory.org
",,audio/mp3,español,,Canción creada colectivamente y en dominio público. Por favor contactar al archivo si esta canción infringe derechos de autor.,,,,,,,,
demo_079,,Ya vienen los segadores v1,,,,,,"Mesa Grande, Honduras",,,,"<p>Este archivo conserva de forma permanente grabaciones recientes e históricas de canciones relacionadas con la Guerra Civil en El Salvador (1980-1992). Se diseñó con la ayuda de integrantes de la comunidad para servir mejor a las necesidades de las personas salvadoreñas. Esta base de datos permite a la comunidad de usuarios encontrar canciones sobre diversos temas y es ideal para fines educativos. El sitio web del archivo también albergará otros materiales relacionados con la música durante la guerra.
<p><i>Memoria Histórica Sobreviviente en El Salvador</i><br>
https://www.elsalvadormemory.org
",,audio/mp3,español,,Canción creada colectivamente y en dominio público. Por favor contactar al archivo si esta canción infringe derechos de autor.,,,,,,,,
demo_080,,Ya vienen los segadores v2,,,,,,"Mesa Grande, Honduras",,,,"<p>Este archivo conserva de forma permanente grabaciones recientes e históricas de canciones relacionadas con la Guerra Civil en El Salvador (1980-1992). Se diseñó con la ayuda de integrantes de la comunidad para servir mejor a las necesidades de las personas salvadoreñas. Esta base de datos permite a la comunidad de usuarios encontrar canciones sobre diversos temas y es ideal para fines educativos. El sitio web del archivo también albergará otros materiales relacionados con la música durante la guerra.
<p><i>Memoria Histórica Sobreviviente en El Salvador</i><br>
https://www.elsalvadormemory.org
",,audio/mp3,español,,Canción creada colectivamente y en dominio público. Por favor contactar al archivo si esta canción infringe derechos de autor.,,,,,,,,